title,link,description,bloggername,bloggerlink,postdate
"주말 일상 _ 광화문,북촌,판교현대백화점",https://blog.naver.com/thgus8040/223204861625,옷 사고 오랜만에 학교 선배를 만남 김치찜과 보쌈(수육) <b>맛집</b>으로 유명 ! 웨이팅 길까봐 선배보고 미리... 찰나의 순간이란~ 토욜 일하고 바로 <b>안국</b>역 넘어가서 알차게 보냈다. 이래놓고 다음날 또 판교감... ,내내 행복하소서,blog.naver.com/thgus8040,20230907
&lt;소소한 행복&gt; 삼청동 북촌 냉면 <b>맛집</b>,https://blog.naver.com/yonatimes/223204857873,"삼청동 북촌에 가볍게 요기 때울 수 있는 밥집 소소한 행복 돈까스, 냉면 <b>맛집</b>이라는 소문을 듣고 더운... 업체 확인 필요 주차장이 따로 없어요 :( <b>안국</b>역 공영주차장 이용 인플루언서 @요나 팬하기",요나의 요 책 나랑 볼래요?,blog.naver.com/yonatimes,20230907
종로 <b>안국</b> 런던 베이글 뮤지엄 캐치테이블로 예약 웨이팅 후... ,https://blog.naver.com/hahahehee/223204842142,자꾸 생각나네? 다음날 맛있네? 하루 지나니깐 더 맛있네? 또 생각나서 사 먹고 싶은데 웨이팅할 자신이 없다.. 왜 인기 있는지 알겠는 #런던베이글뮤지엄 #베이글<b>맛집</b> #종로데이트 #<b>안국</b>데이트,HAHAHEHE,blog.naver.com/hahahehee,20230907
"[일상]첫월급과 출근, 고양 덕양구 주말나들이(청와대/경복궁... ",https://blog.naver.com/napzakgungyi/223204839693,"<b>안국</b>역에서 직장까지 거의 1보 1끼움을 하며 걸었다. 회사 본드로 긴급 조치를 취하고 퇴근할때 한번... 극장 주변엔 아파트밖에 없는데 도보 20분 화정역에 괜찮은 <b>맛집</b>,카페가 다수 포진해있었답니다. 특히... ",늙은 후회와 젊은 도전,blog.naver.com/napzakgungyi,20230907
"9월에 올리는 8월 기록(합정포비피엠, <b>안국</b>,책'우리의대화는... ",https://blog.naver.com/minin95/223204834744,ㅎ #합정맛집 #스튜디오포비피엠 #합정바 #합정칵테일 #합정포비피엠 #<b>안국맛집</b> #안국역 #스미스가좋아하는테라스 #안국브런치 #안국대성성 #독서 #우리들의대화는밤새도록끝이없지 #서솔휘수 #이달의독서,이왕 사는거 뭐하고 살았는지 기억하려고 쓰는 blog,blog.naver.com/minin95,20230907
[<b>안국</b> 피자 <b>맛집</b> : 플롭] 북촌 웨이팅 <b>맛집</b>! 줄서는 식당에서도... ,https://blog.naver.com/xshinji/223202754779,이걸로 되려나 모르겠네 #피자 #플롭피자 #<b>안국</b>플롭 #<b>안국</b>역플롭피자 #<b>안국</b>역<b>맛집</b> #피자<b>맛집</b>추천 #피자좋아하세요 #마법의가루 #<b>맛집</b>에진심 * 2022년 줄서는식당에 등장했던 &lt;플롭&gt; https://blog.naver.com/xshinji... ,Louis'story,blog.naver.com/xshinji,20230907
<b>안국</b>역<b>맛집</b> &lt;도토리가든&gt; 추천,https://blog.naver.com/kpgj6661/223204818120,맛도 깔끔하고 정말 맛있게 먹었습니다 안국 분위기 맛집 + 음식 맛집 인정이에요~! <b>안국맛집</b>으로 도토리가든 추천해요 #안국역맛집 #안국역카페 #안국도토리가든 [이 글은 소정의 원고료를 받아 작성하였습니다],케이피의블로그,blog.naver.com/kpgj6661,20230907
"명동교자,웨스틴조선,경복궁,카페추천,<b>맛집</b>추천",https://blog.naver.com/aabac8/223204815694,"<b>안국</b>역 근처였고, 간판이 엄청 작아서 찾기가 힘들었다. 간판 보다는 2층 창문을 잘 보면 써있다. 굉장히... 고파서 <b>맛집</b>을 서치해서 갔는데...역시나 웨이팅. 서울은 왜 그러는거야...이날 평일이었다고 생각보다... ",그냥 시간 날 때 하는 블로그,blog.naver.com/aabac8,20230907
<b>안국</b>역<b>맛집</b> 헤비스테이크 <b>안국</b>역점다녀왔어요,https://blog.naver.com/jaeyoon1415/223204804778,가성비 최고 ㅎㅎ 비프스테이크는 알맞게 구워져 육즙이 가득하고 식감이 부드러워서 입에서 살살 녹는거 같아요!ㅎ 너무 맛나게 먹고왔어요!! 대표번호 02-745-3309 #안국역맛집 #<b>안국맛집</b> #안국역스테이크맛집,jaeyoon1415님의블로그,blog.naver.com/jaeyoon1415,20230907
<b>안국</b>역 주류 및 주차정보 온 6.5 김치요리 와인바,https://blog.naver.com/92table/223204802910,한국적인 분위기와 통창이 트여있는 분위기를 내주는 내부에요 이곳은 지드래곤이 피마원 디너행사 때 사용했던 공간이기도 하고 이영자 등 많은 연예인들이 다녀간 북촌 <b>맛집</b> 이랍니다~! 짝꿍이 일주일 전에... ,빵식이네,blog.naver.com/92table,20230907
<b>안국</b>역<b>맛집</b> - 도토리가든 추천해요,https://blog.naver.com/dmd2925/223204801168,완전 나만의 맛난 그릭요거트를 만들어 먹을 수 있답니다 ㅎㅎ <b>안국맛집</b>으로 도토리가든 추천해요 #안국역맛집 #안국역카페 #안국도토리가든 [이 글은 소정의 원고료를 받아 작성하였습니다],응응이 블로그,blog.naver.com/dmd2925,20230907
8월 일기 : 눈물 폭주 푸바오,https://blog.naver.com/choi_jin_young/223204793906,저녁을 뭐먹지 하다가 급 돈까스가 땡겨서 경복궁을 산책하며 <b>안국</b>역으로 이동. 옛날 경양식 돈까스가... 소박하고 무탈하게 보낸 1주년❤️ 푸바오를 보기위해 에버랜드에 도착 쭈구리 원숭이 의외의 <b>맛집</b>... ,JinJiin,blog.naver.com/choi_jin_young,20230907
"<b>안국</b>역 <b>맛집</b>, 황생가 칼국수 | 사골칼국수 왕만두국 후기",https://blog.naver.com/wlsgml640324/223204790903,<b>안국</b>역 <b>맛집</b>하면 1등으로 나오는 <b>맛집</b>이라 웨이팅이 꽤 있는 편이라고 한다 그래서 매장 앞에 웨이팅 의자들 짱 많음 ㅎ.ㅎ But 회전율 빠름! 그래서 점심시간에 갔는데도 한 15분? 기다리고 바로 들어갔다~ 꽉... ,희소식,blog.naver.com/wlsgml640324,20230907
<b>안국</b>역<b>맛집</b> 추천! 도토리가든,https://blog.naver.com/dudud29/223204786045,인테리어까지 정말 예뻤던 카페여서 더더 마음에 들었어요 <b>안국</b>역 <b>맛집</b>으로 도토리가든 추천합니다 ~~ #<b>안국</b>역<b>맛집</b> #<b>안국</b>역카페 #<b>안국</b>도토리가든 [이 글은 소정의 원고료를 받아 작성하였습니다],dudud29님의 블로그,blog.naver.com/dudud29,20230907
서울교통공사에서 진행하는 모바일 스탬프투어 또타 스탬프 투어,https://blog.naver.com/tapexsung2/223204782114,(3호선 <b>안국</b>역) 2역 7 가을 공원 줍깅 ○ 용산공원 부분개방부지(4호선 이촌역) ○ 어린이대공원(7호선... 프사 <b>맛집</b> 철길 포토존 ○ 경춘선 숲길(7호선 하계역) ○ 항동철길(7호선 천왕역) ○ 경의선 숲길(2호선... ,따솜희 HOUSE❤️,blog.naver.com/tapexsung2,20230907
